user_id,name,email,join_date,dataset
1,Christopher Mendoza,hunterjames@donaldson.org,2019-12-28,Users
2,Todd Reed,caseyryan@yahoo.com,2021-11-10,Users
3,Lisa Fritz,loretta47@gmail.com,2019-01-20,Users
4,Michael Reynolds,cmeadows@hotmail.com,2021-10-30,Users
5,Katherine Moreno DDS,travis58@mcguire-thompson.info,2019-01-01,Users
6,James Tate,jennifer03@white-jenkins.info,2023-01-28,Users
7,Nathaniel Combs,wandawilliams@king.biz,2019-11-19,Users
8,Cody Harris,graymary@lloyd.com,2019-02-24,Users
9,Jorge Salazar,annettelopez@williams.com,2021-07-08,Users
10,Sandra Russell,karenjohnson@hernandez-morris.net,2023-08-18,Users
11,Kim Bishop,cassandra02@gmail.com,2020-09-28,Users
12,Theresa Owen,alexandra18@hotmail.com,2021-09-12,Users
13,Lisa Garcia,crystal82@wood.com,2022-03-18,Users
14,Steve Mendoza,nealkelly@gmail.com,2023-10-10,Users
15,Lauren Daniel,annawarner@campbell.net,2023-06-30,Users
16,Douglas Hamilton,thompsonbilly@larson.com,2021-12-25,Users
17,Jacqueline Fernandez,annette43@reeves.com,2022-04-15,Users
18,Donna Reyes,keithsmith@walker-stewart.com,2023-07-24,Users
19,Michael Brewer,mariamurphy@hotmail.com,2023-02-27,Users
20,Joel Hill,jennifermartin@yahoo.com,2021-08-31,Users
21,William Rodriguez,michaelmiller@hotmail.com,2019-09-16,Users
22,Timothy Alvarez,franklinpamela@gmail.com,2023-06-16,Users
23,Kaitlyn West,julia60@molina.com,2019-03-18,Users
24,Todd Banks,marquezanna@yahoo.com,2023-10-27,Users
25,Pamela Rodriguez,jordankelly@yahoo.com,2023-08-24,Users
26,Michael Hines,dean70@gmail.com,2020-02-01,Users
27,Alan Gonzalez,alex03@smith.com,2020-08-22,Users
28,Martin Flynn,williamberry@wade.info,2019-07-15,Users
29,Dennis Cook,julia09@anderson.com,2023-01-20,Users
30,Andrew Hodge,anita02@ramirez-baker.com,2019-10-01,Users
31,Wesley Crawford,sandra09@hotmail.com,2023-06-28,Users
32,Stephanie Torres,fryekimberly@chen.org,2021-05-27,Users
33,Samuel Williams,jcampbell@yahoo.com,2020-11-02,Users
34,Sarah Jackson,tracey43@gmail.com,2021-05-06,Users
35,Anna Tyler,kristi91@gmail.com,2022-09-29,Users
36,Thomas Mckenzie,crystal68@keller.com,2020-02-10,Users
37,Rebecca Branch,imartin@yahoo.com,2020-09-23,Users
38,Christopher Garcia Jr.,johnsonkimberly@lee.com,2019-07-24,Users
39,Alicia York,ryan28@gmail.com,2020-02-28,Users
40,Johnny Johnson,christophershaw@collins-morgan.com,2019-12-01,Users
41,Linda Odom,ymann@young-walker.biz,2022-10-29,Users
42,Danielle Berg,nicholasdavis@hotmail.com,2020-06-10,Users
43,Abigail Daniel,mpatel@yahoo.com,2020-12-24,Users
44,Brandon Skinner,clarkgeorge@green.com,2021-11-20,Users
45,Douglas Patel,hnorton@gonzalez.com,2021-11-30,Users
46,Christopher Ballard,gregorysantiago@conner.biz,2023-08-23,Users
47,Tonya Park PhD,millsnicole@gmail.com,2022-01-06,Users
48,Mark Kelly,cheryl01@yahoo.com,2021-07-03,Users
49,Emily White,erodriguez@hughes.info,2021-04-13,Users
50,Lori Singh,carolmartinez@yahoo.com,2021-01-04,Users
51,Jeffrey Soto,stewartfelicia@singh.com,2020-08-04,Users
52,Ann Williams,jack34@gmail.com,2022-02-25,Users
53,Jennifer Davis,gregory37@hotmail.com,2019-05-18,Users
54,Dwayne Foster,michaelpennington@cisneros.info,2020-05-20,Users
55,Dr. Colton Lang,laurarobinson@hotmail.com,2022-09-08,Users
56,Melissa Rodriguez,geoffrey06@gmail.com,2023-04-24,Users
57,Carmen Sweeney,ijohnson@gonzalez-robinson.net,2022-12-31,Users
58,John Grant,nlee@sellers.com,2023-06-13,Users
59,Margaret Richmond,bonnie59@campbell-williams.com,2022-01-16,Users
60,Holly Palmer,mitchellchristopher@yahoo.com,2022-06-01,Users
61,Charles Leonard,vaughancurtis@combs.org,2021-02-20,Users
62,Alex Byrd,todddawn@yahoo.com,2019-12-02,Users
63,Mark Jones,walkeremily@alvarez.com,2021-03-11,Users
64,Meghan Harris,bryan50@turner.info,2022-01-12,Users
65,Russell Phillips,grahamcrystal@hotmail.com,2022-05-19,Users
66,David Richmond,blacksamantha@hotmail.com,2022-03-04,Users
67,Robert Weaver,angelagray@gmail.com,2019-02-26,Users
68,Adam Eaton,george84@gmail.com,2021-08-23,Users
69,Julian Miller,darrellrodriguez@hotmail.com,2020-01-12,Users
70,Lance Perkins,mellis@gmail.com,2019-01-25,Users
71,Breanna Robinson,jasonvazquez@yahoo.com,2021-03-25,Users
72,Joanna Houston,zramirez@yahoo.com,2022-04-18,Users
73,Maria Tapia,fmurillo@hotmail.com,2022-12-05,Users
74,Amy Aguirre,timothy29@snow.com,2021-02-20,Users
75,Anna Wilson,riggsluke@shaw-hartman.net,2019-02-15,Users
76,Melissa Lee,icummings@phillips-brock.net,2019-09-08,Users
77,Taylor Thornton,jeannerobinson@harris-washington.com,2021-10-31,Users
78,Lisa Powell,april04@burns.com,2019-07-01,Users
79,Laura Price,geoffreygonzalez@yahoo.com,2020-09-01,Users
80,Leslie Bryan,kevinpierce@hotmail.com,2020-04-19,Users
81,Dr. Joann Jones,todd66@carpenter.com,2019-04-29,Users
82,Lori Thomas,paul95@hotmail.com,2019-02-09,Users
83,Karen Smith,martinezlisa@alvarez.net,2019-06-28,Users
84,Benjamin Williams,lindadavis@wells.org,2022-02-05,Users
85,Carl White,michael02@hotmail.com,2021-12-12,Users
86,Christopher Gonzales,maryreyes@gmail.com,2021-02-23,Users
87,Logan Villanueva,gonzalesrhonda@hotmail.com,2019-06-03,Users
88,Crystal Baldwin,morrisonnancy@yahoo.com,2023-05-17,Users
89,Clayton Smith,wilsonrobin@owen.com,2021-07-08,Users
90,Shelia Gonzalez,lindsey58@hotmail.com,2021-05-04,Users
91,Thomas Bradshaw,rjenkins@hotmail.com,2022-04-14,Users
92,Angela Nelson,jacquelineolsen@kirk.biz,2020-08-03,Users
93,Jessica Little,kyle17@kelley.biz,2020-08-13,Users
94,Alexander Christensen,troystephens@hotmail.com,2023-06-12,Users
95,Brian Davis,lraymond@hotmail.com,2019-04-28,Users
96,Mrs. Amber Russell,christophergarcia@dixon-vazquez.org,2022-12-29,Users
97,Mr. William Wong,susansmith@gmail.com,2021-05-11,Users
98,Miranda Simmons,watsonmichael@yahoo.com,2019-01-01,Users
99,Evan Smith,brandonwilson@murphy-miller.com,2022-10-16,Users
100,Holly Taylor,courtneybarker@horton.com,2021-12-17,Users
49,,,,Posts
56,,,,Posts
30,,,,Posts
24,,,,Posts
51,,,,Posts
18,,,,Posts
32,,,,Posts
91,,,,Posts
52,,,,Posts
61,,,,Posts
22,,,,Posts
36,,,,Posts
81,,,,Posts
26,,,,Posts
71,,,,Posts
40,,,,Posts
64,,,,Posts
6,,,,Posts
66,,,,Posts
92,,,,Posts
56,,,,Posts
46,,,,Posts
69,,,,Posts
14,,,,Posts
1,,,,Posts
56,,,,Posts
28,,,,Posts
77,,,,Posts
91,,,,Posts
3,,,,Posts
37,,,,Posts
67,,,,Posts
95,,,,Posts
66,,,,Posts
66,,,,Posts
32,,,,Posts
83,,,,Posts
24,,,,Posts
8,,,,Posts
12,,,,Posts
9,,,,Posts
32,,,,Posts
80,,,,Posts
37,,,,Posts
86,,,,Posts
64,,,,Posts
81,,,,Posts
5,,,,Posts
52,,,,Posts
59,,,,Posts
30,,,,Posts
34,,,,Posts
77,,,,Posts
22,,,,Posts
66,,,,Posts
26,,,,Posts
39,,,,Posts
56,,,,Posts
8,,,,Posts
57,,,,Posts
70,,,,Posts
7,,,,Posts
4,,,,Posts
98,,,,Posts
84,,,,Posts
30,,,,Posts
7,,,,Posts
21,,,,Posts
18,,,,Posts
8,,,,Posts
7,,,,Posts
74,,,,Posts
77,,,,Posts
14,,,,Posts
97,,,,Posts
75,,,,Posts
96,,,,Posts
2,,,,Posts
19,,,,Posts
70,,,,Posts
68,,,,Posts
51,,,,Posts
12,,,,Posts
14,,,,Posts
41,,,,Posts
40,,,,Posts
21,,,,Posts
6,,,,Posts
44,,,,Posts
66,,,,Posts
42,,,,Posts
10,,,,Posts
20,,,,Posts
53,,,,Posts
3,,,,Posts
68,,,,Posts
11,,,,Posts
16,,,,Posts
99,,,,Posts
14,,,,Posts
64,,,,Posts
55,,,,Posts
53,,,,Posts
56,,,,Posts
53,,,,Posts
66,,,,Posts
15,,,,Posts
69,,,,Posts
74,,,,Posts
11,,,,Posts
38,,,,Posts
68,,,,Posts
63,,,,Posts
5,,,,Posts
90,,,,Posts
1,,,,Posts
67,,,,Posts
6,,,,Posts
54,,,,Posts
100,,,,Posts
12,,,,Posts
26,,,,Posts
91,,,,Posts
28,,,,Posts
84,,,,Posts
21,,,,Posts
7,,,,Posts
55,,,,Posts
58,,,,Posts
51,,,,Posts
60,,,,Posts
1,,,,Posts
62,,,,Posts
73,,,,Posts
96,,,,Posts
88,,,,Posts
56,,,,Posts
68,,,,Posts
47,,,,Posts
77,,,,Posts
69,,,,Posts
7,,,,Posts
56,,,,Posts
19,,,,Posts
40,,,,Posts
36,,,,Posts
17,,,,Posts
75,,,,Posts
85,,,,Posts
51,,,,Posts
100,,,,Posts
58,,,,Posts
99,,,,Posts
90,,,,Posts
58,,,,Posts
40,,,,Posts
57,,,,Posts
51,,,,Posts
73,,,,Posts
98,,,,Posts
29,,,,Posts
28,,,,Posts
91,,,,Posts
38,,,,Posts
1,,,,Posts
53,,,,Posts
100,,,,Posts
4,,,,Posts
41,,,,Posts
43,,,,Posts
72,,,,Posts
89,,,,Posts
99,,,,Posts
15,,,,Posts
18,,,,Posts
45,,,,Posts
6,,,,Posts
56,,,,Posts
68,,,,Posts
70,,,,Posts
84,,,,Posts
89,,,,Posts
82,,,,Posts
29,,,,Posts
33,,,,Posts
15,,,,Posts
68,,,,Posts
9,,,,Posts
78,,,,Posts
74,,,,Posts
43,,,,Posts
94,,,,Posts
84,,,,Posts
87,,,,Posts
55,,,,Posts
7,,,,Posts
66,,,,Posts
94,,,,Posts
69,,,,Posts
76,,,,Posts
39,,,,Comments
85,,,,Comments
32,,,,Comments
53,,,,Comments
26,,,,Comments
63,,,,Comments
87,,,,Comments
79,,,,Comments
52,,,,Comments
28,,,,Comments
53,,,,Comments
13,,,,Comments
73,,,,Comments
96,,,,Comments
11,,,,Comments
61,,,,Comments
31,,,,Comments
18,,,,Comments
78,,,,Comments
71,,,,Comments
57,,,,Comments
18,,,,Comments
40,,,,Comments
97,,,,Comments
69,,,,Comments
100,,,,Comments
34,,,,Comments
95,,,,Comments
74,,,,Comments
75,,,,Comments
30,,,,Comments
83,,,,Comments
17,,,,Comments
5,,,,Comments
8,,,,Comments
27,,,,Comments
60,,,,Comments
51,,,,Comments
24,,,,Comments
89,,,,Comments
48,,,,Comments
100,,,,Comments
48,,,,Comments
15,,,,Comments
87,,,,Comments
94,,,,Comments
47,,,,Comments
33,,,,Comments
69,,,,Comments
67,,,,Comments
64,,,,Comments
95,,,,Comments
67,,,,Comments
30,,,,Comments
99,,,,Comments
12,,,,Comments
58,,,,Comments
96,,,,Comments
47,,,,Comments
42,,,,Comments
41,,,,Comments
56,,,,Comments
67,,,,Comments
21,,,,Comments
78,,,,Comments
32,,,,Comments
10,,,,Comments
29,,,,Comments
71,,,,Comments
34,,,,Comments
94,,,,Comments
36,,,,Comments
33,,,,Comments
37,,,,Comments
98,,,,Comments
95,,,,Comments
34,,,,Comments
44,,,,Comments
83,,,,Comments
95,,,,Comments
3,,,,Comments
82,,,,Comments
25,,,,Comments
49,,,,Comments
65,,,,Comments
16,,,,Comments
3,,,,Comments
64,,,,Comments
96,,,,Comments
87,,,,Comments
57,,,,Comments
91,,,,Comments
97,,,,Comments
70,,,,Comments
27,,,,Comments
50,,,,Comments
44,,,,Comments
66,,,,Comments
64,,,,Comments
90,,,,Comments
43,,,,Comments
8,,,,Comments
99,,,,Comments
9,,,,Comments
57,,,,Comments
71,,,,Comments
39,,,,Comments
13,,,,Comments
28,,,,Comments
25,,,,Comments
91,,,,Comments
34,,,,Comments
95,,,,Comments
58,,,,Comments
49,,,,Comments
94,,,,Comments
7,,,,Comments
39,,,,Comments
98,,,,Comments
87,,,,Comments
35,,,,Comments
91,,,,Comments
51,,,,Comments
39,,,,Comments
80,,,,Comments
32,,,,Comments
1,,,,Comments
5,,,,Comments
69,,,,Comments
14,,,,Comments
20,,,,Comments
100,,,,Comments
53,,,,Comments
61,,,,Comments
93,,,,Comments
57,,,,Comments
17,,,,Comments
76,,,,Comments
59,,,,Comments
100,,,,Comments
67,,,,Comments
100,,,,Comments
98,,,,Comments
68,,,,Comments
8,,,,Comments
51,,,,Comments
36,,,,Comments
56,,,,Comments
20,,,,Comments
78,,,,Comments
51,,,,Comments
57,,,,Comments
60,,,,Comments
83,,,,Comments
69,,,,Comments
97,,,,Comments
44,,,,Comments
82,,,,Comments
88,,,,Comments
73,,,,Comments
74,,,,Comments
76,,,,Comments
67,,,,Comments
16,,,,Comments
91,,,,Comments
19,,,,Comments
23,,,,Comments
72,,,,Comments
86,,,,Comments
46,,,,Comments
95,,,,Comments
65,,,,Comments
87,,,,Comments
40,,,,Comments
84,,,,Comments
75,,,,Comments
49,,,,Comments
86,,,,Comments
87,,,,Comments
18,,,,Comments
99,,,,Comments
76,,,,Comments
65,,,,Comments
86,,,,Comments
52,,,,Comments
85,,,,Comments
20,,,,Comments
9,,,,Comments
31,,,,Comments
55,,,,Comments
79,,,,Comments
16,,,,Comments
31,,,,Comments
47,,,,Comments
6,,,,Comments
10,,,,Comments
52,,,,Comments
91,,,,Comments
87,,,,Comments
83,,,,Comments
88,,,,Comments
100,,,,Comments
56,,,,Comments
31,,,,Comments
78,,,,Comments
4,,,,Comments
54,,,,Comments
19,,,,Comments
31,,,,Comments
52,,,,Comments
37,,,,Comments
5,,,,Comments
78,,,,Comments
56,,,,Comments
83,,,,Comments
31,,,,Comments
66,,,,Comments
36,,,,Comments
53,,,,Comments
99,,,,Comments
26,,,,Comments
95,,,,Comments
44,,,,Comments
43,,,,Comments
92,,,,Comments
78,,,,Comments
1,,,,Comments
20,,,,Comments
92,,,,Comments
2,,,,Comments
52,,,,Comments
60,,,,Comments
82,,,,Comments
14,,,,Comments
94,,,,Comments
22,,,,Comments
39,,,,Comments
77,,,,Comments
88,,,,Comments
91,,,,Comments
39,,,,Comments
7,,,,Comments
76,,,,Comments
78,,,,Comments
8,,,,Comments
48,,,,Comments
19,,,,Comments
63,,,,Comments
53,,,,Comments
58,,,,Comments
43,,,,Comments
23,,,,Comments
63,,,,Comments
85,,,,Comments
93,,,,Comments
36,,,,Comments
28,,,,Comments
31,,,,Comments
76,,,,Comments
55,,,,Comments
4,,,,Comments
41,,,,Comments
57,,,,Comments
32,,,,Comments
50,,,,Comments
28,,,,Comments
16,,,,Comments
36,,,,Comments
26,,,,Comments
28,,,,Comments
18,,,,Comments
54,,,,Comments
42,,,,Comments
83,,,,Comments
95,,,,Comments
67,,,,Comments
31,,,,Comments
65,,,,Comments
17,,,,Comments
93,,,,Comments
22,,,,Comments
57,,,,Comments
30,,,,Comments
69,,,,Comments
79,,,,Comments
11,,,,Comments
57,,,,Comments
12,,,,Comments
66,,,,Comments
6,,,,Comments
68,,,,Comments
21,,,,Comments
7,,,,Comments
79,,,,Comments
44,,,,Comments
80,,,,Comments
45,,,,Comments
44,,,,Comments
19,,,,Comments
20,,,,Comments
21,,,,Comments
88,,,,Comments
76,,,,Comments
93,,,,Comments
20,,,,Comments
20,,,,Comments
50,,,,Comments
66,,,,Comments
96,,,,Comments
60,,,,Comments
1,,,,Comments
23,,,,Comments
96,,,,Comments
45,,,,Comments
39,,,,Comments
95,,,,Comments
73,,,,Comments
35,,,,Comments
82,,,,Comments
27,,,,Comments
92,,,,Comments
18,,,,Comments
21,,,,Comments
11,,,,Comments
4,,,,Comments
45,,,,Comments
78,,,,Comments
64,,,,Comments
57,,,,Comments
6,,,,Comments
23,,,,Comments
39,,,,Comments
22,,,,Comments
89,,,,Comments
62,,,,Comments
25,,,,Comments
99,,,,Comments
82,,,,Comments
72,,,,Comments
89,,,,Comments
87,,,,Comments
10,,,,Comments
24,,,,Comments
7,,,,Comments
56,,,,Comments
65,,,,Comments
7,,,,Comments
89,,,,Comments
99,,,,Comments
71,,,,Comments
67,,,,Comments
32,,,,Comments
49,,,,Comments
62,,,,Comments
99,,,,Comments
34,,,,Comments
96,,,,Comments
50,,,,Comments
88,,,,Comments
58,,,,Comments
73,,,,Comments
39,,,,Comments
72,,,,Comments
90,,,,Comments
37,,,,Comments
2,,,,Comments
60,,,,Comments
16,,,,Comments
73,,,,Comments
1,,,,Comments
34,,,,Comments
92,,,,Comments
74,,,,Comments
53,,,,Comments
20,,,,Comments
54,,,,Comments
91,,,,Comments
75,,,,Comments
46,,,,Comments
4,,,,Comments
62,,,,Comments
50,,,,Comments
26,,,,Comments
10,,,,Comments
83,,,,Comments
62,,,,Comments
22,,,,Comments
93,,,,Comments
53,,,,Comments
72,,,,Comments
56,,,,Comments
66,,,,Comments
12,,,,Comments
89,,,,Comments
48,,,,Comments
16,,,,Comments
13,,,,Comments
53,,,,Comments
77,,,,Comments
9,,,,Comments
42,,,,Comments
15,,,,Comments
61,,,,Comments
63,,,,Comments
80,,,,Comments
42,,,,Comments
42,,,,Comments
2,,,,Comments
70,,,,Comments
98,,,,Comments
60,,,,Comments
11,,,,Comments
75,,,,Comments
53,,,,Comments
46,,,,Comments
82,,,,Comments
37,,,,Comments
43,,,,Comments
85,,,,Comments
58,,,,Comments
58,,,,Comments
66,,,,Comments
78,,,,Comments
23,,,,Comments
98,,,,Comments
21,,,,Comments
47,,,,Comments
16,,,,Comments
94,,,,Comments
60,,,,Comments
42,,,,Comments
64,,,,Comments
45,,,,Comments
17,,,,Comments
39,,,,Comments
97,,,,Comments
42,,,,Comments
38,,,,Comments
13,,,,Comments
41,,,,Comments
26,,,,Comments
7,,,,Comments
51,,,,Comments
14,,,,Comments
79,,,,Comments
32,,,,Comments
75,,,,Comments
35,,,,Comments
28,,,,Comments
91,,,,Comments
37,,,,Comments
75,,,,Comments
44,,,,Comments
26,,,,Comments
98,,,,Comments
8,,,,Comments
7,,,,Comments
8,,,,Comments
69,,,,Comments
87,,,,Comments
78,,,,Comments
92,,,,Comments
99,,,,Comments
57,,,,Comments
62,,,,Comments
45,,,,Comments
53,,,,Comments
41,,,,Comments
85,,,,Comments
6,,,,Comments
10,,,,Comments
69,,,,Comments
30,,,,Comments
63,,,,Comments
66,,,,Comments
24,,,,Comments
50,,,,Comments
100,,,,Comments
81,,,,Comments
61,,,,Comments
25,,,,Comments
44,,,,Comments
77,,,,Comments
9,,,,Comments
88,,,,Comments
39,,,,Comments
55,,,,Comments
40,,,,Comments
99,,,,Comments
68,,,,Comments
87,,,,Comments
94,,,,Comments
42,,,,Comments
50,,,,Comments
72,,,,Comments
70,,,,Comments
27,,,,Comments
99,,,,Comments
98,,,,Comments
66,,,,Comments
14,,,,Likes
83,,,,Likes
92,,,,Likes
95,,,,Likes
99,,,,Likes
87,,,,Likes
9,,,,Likes
51,,,,Likes
80,,,,Likes
59,,,,Likes
16,,,,Likes
64,,,,Likes
90,,,,Likes
94,,,,Likes
44,,,,Likes
93,,,,Likes
23,,,,Likes
92,,,,Likes
11,,,,Likes
14,,,,Likes
32,,,,Likes
13,,,,Likes
44,,,,Likes
67,,,,Likes
55,,,,Likes
84,,,,Likes
4,,,,Likes
31,,,,Likes
96,,,,Likes
22,,,,Likes
79,,,,Likes
97,,,,Likes
66,,,,Likes
29,,,,Likes
86,,,,Likes
96,,,,Likes
27,,,,Likes
41,,,,Likes
12,,,,Likes
29,,,,Likes
45,,,,Likes
47,,,,Likes
33,,,,Likes
41,,,,Likes
51,,,,Likes
99,,,,Likes
75,,,,Likes
63,,,,Likes
20,,,,Likes
88,,,,Likes
81,,,,Likes
76,,,,Likes
25,,,,Likes
33,,,,Likes
29,,,,Likes
32,,,,Likes
52,,,,Likes
61,,,,Likes
56,,,,Likes
50,,,,Likes
94,,,,Likes
57,,,,Likes
64,,,,Likes
57,,,,Likes
6,,,,Likes
22,,,,Likes
15,,,,Likes
35,,,,Likes
69,,,,Likes
73,,,,Likes
39,,,,Likes
17,,,,Likes
58,,,,Likes
32,,,,Likes
37,,,,Likes
28,,,,Likes
1,,,,Likes
81,,,,Likes
33,,,,Likes
29,,,,Likes
36,,,,Likes
33,,,,Likes
90,,,,Likes
33,,,,Likes
51,,,,Likes
61,,,,Likes
79,,,,Likes
69,,,,Likes
28,,,,Likes
12,,,,Likes
10,,,,Likes
82,,,,Likes
6,,,,Likes
36,,,,Likes
65,,,,Likes
77,,,,Likes
22,,,,Likes
12,,,,Likes
31,,,,Likes
45,,,,Likes
94,,,,Likes
70,,,,Likes
2,,,,Likes
99,,,,Likes
57,,,,Likes
82,,,,Likes
26,,,,Likes
6,,,,Likes
94,,,,Likes
89,,,,Likes
13,,,,Likes
91,,,,Likes
100,,,,Likes
80,,,,Likes
17,,,,Likes
100,,,,Likes
49,,,,Likes
96,,,,Likes
63,,,,Likes
47,,,,Likes
18,,,,Likes
18,,,,Likes
61,,,,Likes
18,,,,Likes
41,,,,Likes
72,,,,Likes
69,,,,Likes
20,,,,Likes
71,,,,Likes
68,,,,Likes
82,,,,Likes
70,,,,Likes
67,,,,Likes
31,,,,Likes
93,,,,Likes
44,,,,Likes
49,,,,Likes
67,,,,Likes
28,,,,Likes
49,,,,Likes
90,,,,Likes
65,,,,Likes
58,,,,Likes
88,,,,Likes
32,,,,Likes
45,,,,Likes
35,,,,Likes
29,,,,Likes
1,,,,Likes
12,,,,Likes
40,,,,Likes
38,,,,Likes
27,,,,Likes
22,,,,Likes
83,,,,Likes
33,,,,Likes
32,,,,Likes
89,,,,Likes
27,,,,Likes
17,,,,Likes
86,,,,Likes
92,,,,Likes
94,,,,Likes
2,,,,Likes
83,,,,Likes
99,,,,Likes
23,,,,Likes
98,,,,Likes
37,,,,Likes
8,,,,Likes
12,,,,Likes
32,,,,Likes
86,,,,Likes
56,,,,Likes
87,,,,Likes
24,,,,Likes
19,,,,Likes
72,,,,Likes
90,,,,Likes
53,,,,Likes
17,,,,Likes
65,,,,Likes
56,,,,Likes
48,,,,Likes
60,,,,Likes
52,,,,Likes
54,,,,Likes
71,,,,Likes
91,,,,Likes
99,,,,Likes
42,,,,Likes
89,,,,Likes
85,,,,Likes
14,,,,Likes
43,,,,Likes
57,,,,Likes
83,,,,Likes
75,,,,Likes
39,,,,Likes
56,,,,Likes
37,,,,Likes
95,,,,Likes
15,,,,Likes
84,,,,Likes
57,,,,Likes
55,,,,Likes
81,,,,Likes
20,,,,Likes
60,,,,Likes
4,,,,Likes
97,,,,Likes
91,,,,Likes
16,,,,Likes
13,,,,Likes
88,,,,Likes
74,,,,Likes
89,,,,Likes
31,,,,Likes
2,,,,Likes
89,,,,Likes
14,,,,Likes
48,,,,Likes
18,,,,Likes
28,,,,Likes
36,,,,Likes
19,,,,Likes
73,,,,Likes
18,,,,Likes
24,,,,Likes
18,,,,Likes
59,,,,Likes
65,,,,Likes
76,,,,Likes
88,,,,Likes
48,,,,Likes
39,,,,Likes
63,,,,Likes
76,,,,Likes
58,,,,Likes
58,,,,Likes
61,,,,Likes
97,,,,Likes
79,,,,Likes
7,,,,Likes
6,,,,Likes
67,,,,Likes
67,,,,Likes
15,,,,Likes
17,,,,Likes
66,,,,Likes
44,,,,Likes
65,,,,Likes
87,,,,Likes
94,,,,Likes
32,,,,Likes
7,,,,Likes
40,,,,Likes
66,,,,Likes
95,,,,Likes
77,,,,Likes
98,,,,Likes
38,,,,Likes
96,,,,Likes
11,,,,Likes
99,,,,Likes
8,,,,Likes
8,,,,Likes
49,,,,Likes
82,,,,Likes
72,,,,Likes
82,,,,Likes
24,,,,Likes
79,,,,Likes
41,,,,Likes
26,,,,Likes
75,,,,Likes
39,,,,Likes
63,,,,Likes
59,,,,Likes
97,,,,Likes
35,,,,Likes
41,,,,Likes
97,,,,Likes
39,,,,Likes
95,,,,Likes
12,,,,Likes
53,,,,Likes
37,,,,Likes
17,,,,Likes
87,,,,Likes
44,,,,Likes
40,,,,Likes
40,,,,Likes
41,,,,Likes
96,,,,Likes
64,,,,Likes
46,,,,Likes
20,,,,Likes
30,,,,Likes
59,,,,Likes
84,,,,Likes
23,,,,Likes
80,,,,Likes
8,,,,Likes
55,,,,Likes
78,,,,Likes
22,,,,Likes
27,,,,Likes
14,,,,Likes
29,,,,Likes
61,,,,Likes
5,,,,Likes
83,,,,Likes
42,,,,Likes
80,,,,Likes
21,,,,Likes
50,,,,Likes
10,,,,Likes
35,,,,Likes
63,,,,Likes
83,,,,Likes
3,,,,Likes
95,,,,Likes
36,,,,Likes
86,,,,Likes
18,,,,Likes
87,,,,Likes
48,,,,Likes
4,,,,Likes
15,,,,Likes
56,,,,Likes
51,,,,Likes
89,,,,Likes
41,,,,Likes
83,,,,Likes
87,,,,Likes
2,,,,Likes
98,,,,Likes
66,,,,Likes
59,,,,Likes
89,,,,Likes
58,,,,Likes
78,,,,Likes
33,,,,Likes
90,,,,Likes
51,,,,Likes
3,,,,Likes
89,,,,Likes
16,,,,Likes
22,,,,Likes
10,,,,Likes
15,,,,Likes
46,,,,Likes
67,,,,Likes
94,,,,Likes
77,,,,Likes
77,,,,Likes
13,,,,Likes
78,,,,Likes
22,,,,Likes
97,,,,Likes
6,,,,Likes
8,,,,Likes
88,,,,Likes
65,,,,Likes
62,,,,Likes
82,,,,Likes
19,,,,Likes
50,,,,Likes
67,,,,Likes
2,,,,Likes
69,,,,Likes
38,,,,Likes
85,,,,Likes
17,,,,Likes
79,,,,Likes
7,,,,Likes
60,,,,Likes
89,,,,Likes
77,,,,Likes
93,,,,Likes
59,,,,Likes
96,,,,Likes
57,,,,Likes
45,,,,Likes
2,,,,Likes
61,,,,Likes
13,,,,Likes
18,,,,Likes
79,,,,Likes
56,,,,Likes
36,,,,Likes
71,,,,Likes
4,,,,Likes
24,,,,Likes
36,,,,Likes
71,,,,Likes
59,,,,Likes
78,,,,Likes
25,,,,Likes
34,,,,Likes
90,,,,Likes
67,,,,Likes
46,,,,Likes
44,,,,Likes
46,,,,Likes
14,,,,Likes
31,,,,Likes
79,,,,Likes
10,,,,Likes
22,,,,Likes
54,,,,Likes
31,,,,Likes
22,,,,Likes
38,,,,Likes
89,,,,Likes
55,,,,Likes
5,,,,Likes
84,,,,Likes
15,,,,Likes
26,,,,Likes
25,,,,Likes
99,,,,Likes
62,,,,Likes
72,,,,Likes
28,,,,Likes
65,,,,Likes
48,,,,Likes
35,,,,Likes
10,,,,Likes
71,,,,Likes
100,,,,Likes
43,,,,Likes
75,,,,Likes
35,,,,Likes
53,,,,Likes
66,,,,Likes
4,,,,Likes
37,,,,Likes
49,,,,Likes
86,,,,Likes
94,,,,Likes
93,,,,Likes
22,,,,Likes
63,,,,Likes
32,,,,Likes
78,,,,Likes
2,,,,Likes
54,,,,Likes
75,,,,Likes
78,,,,Likes
25,,,,Likes
75,,,,Likes
56,,,,Likes
96,,,,Likes
52,,,,Likes
66,,,,Likes
100,,,,Likes
64,,,,Likes
32,,,,Likes
17,,,,Likes
14,,,,Likes
91,,,,Likes
56,,,,Likes
97,,,,Likes
85,,,,Likes
70,,,,Likes
51,,,,Likes
24,,,,Likes
8,,,,Likes
28,,,,Likes
80,,,,Likes
56,,,,Likes
63,,,,Likes
43,,,,Likes
100,,,,Likes
10,,,,Likes
28,,,,Likes
10,,,,Likes
7,,,,Likes
35,,,,Likes
12,,,,Likes
89,,,,Likes
19,,,,Likes
32,,,,Likes
27,,,,Likes
19,,,,Likes
74,,,,Likes
50,,,,Likes
45,,,,Likes
100,,,,Likes
25,,,,Likes
74,,,,Likes
16,,,,Likes
92,,,,Likes
13,,,,Likes
20,,,,Likes
18,,,,Likes
94,,,,Likes
56,,,,Likes
51,,,,Likes
39,,,,Likes
30,,,,Likes
48,,,,Likes
94,,,,Likes
87,,,,Likes
46,,,,Likes
83,,,,Likes
30,,,,Likes
42,,,,Likes
2,,,,Likes
91,,,,Likes
85,,,,Likes
44,,,,Likes
85,,,,Likes
25,,,,Likes
27,,,,Likes
13,,,,Likes
91,,,,Likes
71,,,,Likes
13,,,,Likes
8,,,,Likes
45,,,,Likes
29,,,,Likes
21,,,,Likes
2,,,,Likes
60,,,,Likes
93,,,,Likes
35,,,,Likes
91,,,,Likes
37,,,,Likes
88,,,,Likes
98,,,,Likes
36,,,,Likes
25,,,,Likes
13,,,,Likes
65,,,,Likes
3,,,,Likes
32,,,,Likes
31,,,,Likes
6,,,,Likes
92,,,,Likes
48,,,,Likes
44,,,,Likes
40,,,,Likes
16,,,,Likes
96,,,,Likes
6,,,,Likes
46,,,,Likes
32,,,,Likes
52,,,,Likes
67,,,,Likes
20,,,,Likes
52,,,,Likes
28,,,,Likes
99,,,,Likes
99,,,,Likes
75,,,,Likes
91,,,,Likes
73,,,,Likes
42,,,,Likes
74,,,,Likes
28,,,,Likes
24,,,,Likes
12,,,,Likes
24,,,,Likes
40,,,,Likes
3,,,,Likes
53,,,,Likes
71,,,,Likes
97,,,,Likes
94,,,,Likes
37,,,,Likes
4,,,,Likes
94,,,,Likes
19,,,,Likes
87,,,,Likes
29,,,,Likes
40,,,,Likes
97,,,,Likes
73,,,,Likes
62,,,,Likes
10,,,,Likes
38,,,,Likes
66,,,,Likes
50,,,,Likes
42,,,,Likes
70,,,,Likes
96,,,,Likes
100,,,,Likes
9,,,,Likes
55,,,,Likes
44,,,,Likes
30,,,,Likes
67,,,,Likes
19,,,,Likes
54,,,,Likes
49,,,,Likes
81,,,,Likes
7,,,,Likes
44,,,,Likes
56,,,,Likes
77,,,,Likes
99,,,,Likes
97,,,,Likes
66,,,,Likes
43,,,,Likes
31,,,,Likes
17,,,,Likes
31,,,,Likes
30,,,,Likes
20,,,,Likes
14,,,,Likes
68,,,,Likes
44,,,,Likes
31,,,,Likes
42,,,,Likes
34,,,,Likes
47,,,,Likes
36,,,,Likes
46,,,,Likes
71,,,,Likes
26,,,,Likes
44,,,,Likes
60,,,,Likes
58,,,,Likes
80,,,,Likes
15,,,,Likes
48,,,,Likes
23,,,,Likes
50,,,,Likes
19,,,,Likes
35,,,,Likes
82,,,,Likes
9,,,,Likes
21,,,,Likes
63,,,,Likes
38,,,,Likes
10,,,,Likes
45,,,,Likes
39,,,,Likes
11,,,,Likes
58,,,,Likes
39,,,,Likes
40,,,,Likes
86,,,,Likes
65,,,,Likes
87,,,,Likes
34,,,,Likes
15,,,,Likes
4,,,,Likes
52,,,,Likes
31,,,,Likes
80,,,,Likes
63,,,,Likes
37,,,,Likes
81,,,,Likes
42,,,,Likes
49,,,,Likes
18,,,,Likes
95,,,,Likes
53,,,,Likes
49,,,,Likes
3,,,,Likes
7,,,,Likes
84,,,,Likes
31,,,,Likes
74,,,,Likes
99,,,,Likes
84,,,,Likes
90,,,,Likes
81,,,,Likes
9,,,,Likes
40,,,,Likes
43,,,,Likes
16,,,,Likes
49,,,,Likes
4,,,,Likes
37,,,,Likes
12,,,,Likes
21,,,,Likes
79,,,,Likes
45,,,,Likes
56,,,,Likes
53,,,,Likes
29,,,,Likes
14,,,,Likes
34,,,,Likes
57,,,,Likes
76,,,,Likes
44,,,,Likes
52,,,,Likes
2,,,,Likes
66,,,,Likes
91,,,,Likes
93,,,,Likes
79,,,,Likes
59,,,,Likes
28,,,,Likes
96,,,,Likes
6,,,,Likes
78,,,,Likes
7,,,,Likes
68,,,,Likes
55,,,,Likes
18,,,,Likes
56,,,,Likes
24,,,,Likes
87,,,,Likes
47,,,,Likes
54,,,,Likes
8,,,,Likes
96,,,,Likes
100,,,,Likes
44,,,,Likes
47,,,,Likes
27,,,,Likes
8,,,,Likes
81,,,,Likes
61,,,,Likes
3,,,,Likes
5,,,,Likes
5,,,,Likes
5,,,,Likes
7,,,,Likes
10,,,,Likes
25,,,,Likes
94,,,,Likes
74,,,,Likes
3,,,,Likes
29,,,,Likes
61,,,,Likes
5,,,,Likes
93,,,,Likes
65,,,,Likes
12,,,,Likes
77,,,,Likes
80,,,,Likes
88,,,,Likes
30,,,,Likes
32,,,,Likes
39,,,,Likes
81,,,,Likes
29,,,,Likes
74,,,,Likes
79,,,,Likes
24,,,,Likes
73,,,,Likes
28,,,,Likes
56,,,,Likes
44,,,,Likes
58,,,,Likes
35,,,,Likes
50,,,,Likes
46,,,,Likes
49,,,,Likes
48,,,,Likes
16,,,,Likes
19,,,,Likes
76,,,,Likes
53,,,,Likes
54,,,,Likes
87,,,,Likes
86,,,,Likes
11,,,,Likes
63,,,,Likes
25,,,,Likes
13,,,,Likes
90,,,,Likes
47,,,,Likes
46,,,,Likes
41,,,,Likes
70,,,,Likes
63,,,,Likes
14,,,,Likes
73,,,,Likes
51,,,,Likes
86,,,,Likes
79,,,,Likes
11,,,,Likes
35,,,,Likes
14,,,,Likes
39,,,,Likes
47,,,,Likes
50,,,,Likes
23,,,,Likes
2,,,,Likes
67,,,,Likes
8,,,,Likes
92,,,,Likes
49,,,,Likes
62,,,,Likes
21,,,,Likes
21,,,,Likes
71,,,,Likes
7,,,,Likes
53,,,,Likes
99,,,,Likes
56,,,,Likes
92,,,,Likes
59,,,,Likes
32,,,,Likes
96,,,,Likes
50,,,,Likes
15,,,,Likes
72,,,,Likes
97,,,,Likes
16,,,,Likes
52,,,,Likes
25,,,,Likes
71,,,,Likes
47,,,,Likes
5,,,,Likes
70,,,,Likes
28,,,,Likes
87,,,,Likes
30,,,,Likes
80,,,,Likes
51,,,,Likes
83,,,,Likes
38,,,,Likes
73,,,,Likes
13,,,,Likes
3,,,,Likes
69,,,,Likes
70,,,,Likes
21,,,,Likes
19,,,,Likes
55,,,,Likes
39,,,,Likes
55,,,,Likes
54,,,,Likes
61,,,,Likes
24,,,,Likes
81,,,,Likes
31,,,,Likes
57,,,,Likes
49,,,,Likes
27,,,,Likes
36,,,,Likes
74,,,,Likes
75,,,,Likes
10,,,,Likes
11,,,,Likes
16,,,,Likes
13,,,,Likes
92,,,,Likes
84,,,,Likes
31,,,,Likes
54,,,,Likes
70,,,,Likes
9,,,,Likes
41,,,,Likes
56,,,,Likes
42,,,,Likes
7,,,,Likes
2,,,,Likes
45,,,,Likes
95,,,,Likes
25,,,,Likes
41,,,,Likes
11,,,,Likes
5,,,,Likes
89,,,,Likes
78,,,,Likes
59,,,,Likes
84,,,,Likes
63,,,,Likes
34,,,,Likes
74,,,,Likes
44,,,,Likes
52,,,,Likes
50,,,,Likes
77,,,,Likes
60,,,,Likes
27,,,,Likes
53,,,,Likes
95,,,,Likes
30,,,,Likes
98,,,,Likes
34,,,,Likes
30,,,,Likes
87,,,,Likes
63,,,,Likes
47,,,,Likes
78,,,,Likes
39,,,,Likes
78,,,,Likes
90,,,,Likes
79,,,,Likes
30,,,,Likes
42,,,,Likes
30,,,,Likes
57,,,,Likes
19,,,,Likes
11,,,,Likes
81,,,,Likes
63,,,,Likes
12,,,,Likes
50,,,,Likes
14,,,,Likes
27,,,,Likes
99,,,,Likes
58,,,,Likes
81,,,,Likes
2,,,,Likes
29,,,,Likes
68,,,,Likes
12,,,,Likes
12,,,,Likes
75,,,,Likes
64,,,,Likes
48,,,,Likes
26,,,,Likes
69,,,,Likes
94,,,,Likes
93,,,,Likes
88,,,,Likes
12,,,,Likes
24,,,,Likes
71,,,,Likes
65,,,,Likes
26,,,,Likes
38,,,,Likes
31,,,,Likes
10,,,,Likes
4,,,,Likes
30,,,,Likes
56,,,,Likes
8,,,,Likes
4,,,,Likes
36,,,,Likes
94,,,,Likes
43,,,,Likes
50,,,,Likes
8,,,,Likes
17,,,,Likes
77,,,,Likes
26,,,,Likes
82,,,,Likes
26,,,,Likes
39,,,,Likes
97,,,,Likes
93,,,,Likes
4,,,,Likes
47,,,,Likes
92,,,,Likes
70,,,,Likes
27,,,,Likes
71,,,,Likes
78,,,,Likes
28,,,,Likes
87,,,,Likes
48,,,,Likes
89,,,,Likes
41,,,,Likes
72,,,,Likes
95,,,,Likes
31,,,,Likes
67,,,,Likes
91,,,,Likes
8,,,,Likes
65,,,,Likes
45,,,,Likes
79,,,,Likes
35,,,,Likes
81,,,,Likes
1,,,,Likes
26,,,,Likes
56,,,,Likes
19,,,,Likes
94,,,,Likes
87,,,,Likes
71,,,,Likes
98,,,,Likes
92,,,,Likes
74,,,,Likes
67,,,,Likes
88,,,,Likes
76,,,,Likes
71,,,,Likes
82,,,,Likes
67,,,,Likes
10,,,,Likes
90,,,,Likes
19,,,,Likes
77,,,,Likes
54,,,,Likes
10,,,,Likes
100,,,,Likes
68,,,,Likes
47,,,,Likes
47,,,,Likes
23,,,,Likes
78,,,,Likes
39,,,,Likes
45,,,,Likes
15,,,,Likes
30,,,,Likes
38,,,,Likes
